{
  "width": 2048,
  "height": 2560,
  "zoom": 9,
  "bounds": {
    "west": -114.609375,
    "east": -108.984375,
    "north": 42.03297433244139,
    "south": 36.5978891330702
  },
  "elevation": {
    "min": 226,
    "max": 4354
  },
  "encoding": "R*256+G gives 0-65535 mapping to min-max elevation in meters"
}